[
    {
        "0": "112",
        "id": "112",
        "1": "eg",
        "country_code": "eg",
        "2": "Egypt",
        "country_name": "Egypt",
        "3": "0",
        "medals_gold": "0",
        "4": "1",
        "medals_silver": "1",
        "5": "0",
        "medals_bronze": "0",
        "6": "120",
        "endangered_species": "120",
        "7": "468500",
        "military_personnel": "468500",
        "8": "27",
        "carbon_rank": "27"
    },
    {
        "0": "92",
        "id": "92",
        "1": "br",
        "country_code": "br",
        "2": "Brazil",
        "country_name": "Brazil",
        "3": "1",
        "medals_gold": "1",
        "4": "1",
        "medals_silver": "1",
        "5": "5",
        "medals_bronze": "5",
        "6": "769",
        "endangered_species": "769",
        "7": "326435",
        "military_personnel": "326435",
        "8": "13",
        "carbon_rank": "13"
    },
    {
        "0": "118",
        "id": "118",
        "1": "mc",
        "country_code": "mc",
        "2": "Republic of Moldova",
        "country_name": "Republic of Moldova",
        "3": "0",
        "medals_gold": "0",
        "4": "0",
        "medals_silver": "0",
        "5": "2",
        "medals_bronze": "2",
        "6": "27",
        "endangered_species": "27",
        "7": "6000",
        "military_personnel": "6000",
        "8": "110",
        "carbon_rank": "110"
    },
    {
        "0": "116",
        "id": "116",
        "1": "tw",
        "country_code": "tw",
        "2": "Taipei (Chinese Taipei)",
        "country_name": "Taipei (Chinese Taipei)",
        "3": "0",
        "medals_gold": "0",
        "4": "1",
        "medals_silver": "1",
        "5": "0",
        "medals_bronze": "0",
        "6": "302",
        "endangered_species": "302",
        "7": "290000",
        "military_personnel": "290000",
        "8": "20",
        "carbon_rank": "20"
    },
    {
        "0": "83",
        "id": "83",
        "1": "jm",
        "country_code": "jm",
        "2": "Jamaica",
        "country_name": "Jamaica",
        "3": "2",
        "medals_gold": "2",
        "4": "1",
        "medals_silver": "1",
        "5": "1",
        "medals_bronze": "1",
        "6": "282",
        "endangered_species": "282",
        "7": "2830",
        "military_personnel": "2830",
        "8": "102",
        "carbon_rank": "102"
    },
    {
        "0": "88",
        "id": "88",
        "1": "ca",
        "country_code": "ca",
        "2": "Canada",
        "country_name": "Canada",
        "3": "1",
        "medals_gold": "1",
        "4": "3",
        "medals_silver": "3",
        "5": "6",
        "medals_bronze": "6",
        "6": "77",
        "endangered_species": "77",
        "7": "64371",
        "military_personnel": "64371",
        "8": "9",
        "carbon_rank": "9"
    },
    {
        "0": "106",
        "id": "106",
        "1": "in",
        "country_code": "in",
        "2": "India",
        "country_name": "India",
        "3": "0",
        "medals_gold": "0",
        "4": "1",
        "medals_silver": "1",
        "5": "2",
        "medals_bronze": "2",
        "6": "76",
        "endangered_species": "76",
        "7": "1281200",
        "military_personnel": "1281200",
        "8": "3",
        "carbon_rank": "3"
    },
    {
        "0": "75",
        "id": "75",
        "1": "nl",
        "country_code": "nl",
        "2": "Netherlands",
        "country_name": "Netherlands",
        "3": "3",
        "medals_gold": "3",
        "4": "2",
        "medals_silver": "2",
        "5": "4",
        "medals_bronze": "4",
        "6": "24",
        "endangered_species": "24",
        "7": "40537",
        "military_personnel": "40537",
        "8": "25",
        "carbon_rank": "25"
    },
    {
        "0": "97",
        "id": "97",
        "1": "lt",
        "country_code": "lt",
        "2": "Lithuania",
        "country_name": "Lithuania",
        "3": "1",
        "medals_gold": "1",
        "4": "0",
        "medals_silver": "0",
        "5": "1",
        "medals_bronze": "1",
        "6": "20",
        "endangered_species": "20",
        "7": "8850",
        "military_personnel": "8850",
        "8": "87",
        "carbon_rank": "87"
    },
    {
        "0": "94",
        "id": "94",
        "1": "hr",
        "country_code": "hr",
        "2": "Croatia",
        "country_name": "Croatia",
        "3": "1",
        "medals_gold": "1",
        "4": "1",
        "medals_silver": "1",
        "5": "0",
        "medals_bronze": "0",
        "6": "91",
        "endangered_species": "91",
        "7": "18600",
        "military_personnel": "18600",
        "8": "80",
        "carbon_rank": "80"
    },
    {
        "0": "68",
        "id": "68",
        "1": "fr",
        "country_code": "fr",
        "2": "France",
        "country_name": "France",
        "3": "8",
        "medals_gold": "8",
        "4": "8",
        "medals_silver": "8",
        "5": "9",
        "medals_bronze": "9",
        "6": "126",
        "endangered_species": "126",
        "7": "352771",
        "military_personnel": "352771",
        "8": "17",
        "carbon_rank": "17"
    },
    {
        "0": "95",
        "id": "95",
        "1": "ch",
        "country_code": "ch",
        "2": "Switzerland",
        "country_name": "Switzerland",
        "3": "1",
        "medals_gold": "1",
        "4": "1",
        "medals_silver": "1",
        "5": "0",
        "medals_bronze": "0",
        "6": "48",
        "endangered_species": "48",
        "7": "22823",
        "military_personnel": "22823",
        "8": "65",
        "carbon_rank": "65"
    },
    {
        "0": "122",
        "id": "122",
        "1": "tn",
        "country_code": "tn",
        "2": "Tunisia",
        "country_name": "Tunisia",
        "3": "0",
        "medals_gold": "0",
        "4": "0",
        "medals_silver": "0",
        "5": "1",
        "medals_bronze": "1",
        "6": "63",
        "endangered_species": "63",
        "7": "35800",
        "military_personnel": "35800",
        "8": "85",
        "carbon_rank": "85"
    },
    {
        "0": "82",
        "id": "82",
        "1": "cu",
        "country_code": "cu",
        "2": "Cuba",
        "country_name": "Cuba",
        "3": "2",
        "medals_gold": "2",
        "4": "2",
        "medals_silver": "2",
        "5": "1",
        "medals_bronze": "1",
        "6": "297",
        "endangered_species": "297",
        "7": "49000",
        "military_personnel": "49000",
        "8": "74",
        "carbon_rank": "74"
    },
    {
        "0": "65",
        "id": "65",
        "1": "us",
        "country_code": "us",
        "2": "United States of America",
        "country_name": "United States of America",
        "3": "28",
        "medals_gold": "28",
        "4": "14",
        "medals_silver": "14",
        "5": "18",
        "medals_bronze": "18",
        "6": "1203",
        "endangered_species": "1203",
        "7": "153958",
        "military_personnel": "153958",
        "8": "2",
        "carbon_rank": "2"
    },
    {
        "0": "115",
        "id": "115",
        "1": "th",
        "country_code": "th",
        "2": "Thailand",
        "country_name": "Thailand",
        "3": "0",
        "medals_gold": "0",
        "4": "1",
        "medals_silver": "1",
        "5": "0",
        "medals_bronze": "0",
        "6": "467",
        "endangered_species": "467",
        "7": "306600",
        "military_personnel": "306600",
        "8": "22",
        "carbon_rank": "22"
    },
    {
        "0": "107",
        "id": "107",
        "1": "am",
        "country_code": "am",
        "2": "Armenia",
        "country_name": "Armenia",
        "3": "0",
        "medals_gold": "0",
        "4": "1",
        "medals_silver": "1",
        "5": "1",
        "medals_bronze": "1",
        "6": "37",
        "endangered_species": "37",
        "7": "42080",
        "military_personnel": "42080",
        "8": "97",
        "carbon_rank": "97"
    },
    {
        "0": "79",
        "id": "79",
        "1": "dk",
        "country_code": "dk",
        "2": "Denmark",
        "country_name": "Denmark",
        "3": "2",
        "medals_gold": "2",
        "4": "4",
        "medals_silver": "4",
        "5": "2",
        "medals_bronze": "2",
        "6": "32",
        "endangered_species": "32",
        "7": "30",
        "military_personnel": "30",
        "8": "64",
        "carbon_rank": "64"
    },
    {
        "0": "119",
        "id": "119",
        "1": "ar",
        "country_code": "ar",
        "2": "Argentina",
        "country_name": "Argentina",
        "3": "0",
        "medals_gold": "0",
        "4": "0",
        "medals_silver": "0",
        "5": "1",
        "medals_bronze": "1",
        "6": "212",
        "endangered_species": "212",
        "7": "76000",
        "military_personnel": "76000",
        "8": "31",
        "carbon_rank": "31"
    },
    {
        "0": "81",
        "id": "81",
        "1": "by",
        "country_code": "by",
        "2": "Belarus",
        "country_name": "Belarus",
        "3": "2",
        "medals_gold": "2",
        "4": "2",
        "medals_silver": "2",
        "5": "3",
        "medals_bronze": "3",
        "6": "17",
        "endangered_species": "17",
        "7": "72940",
        "military_personnel": "72940",
        "8": "50",
        "carbon_rank": "50"
    },
    {
        "0": "120",
        "id": "120",
        "1": "qa",
        "country_code": "qa",
        "2": "Qatar",
        "country_name": "Qatar",
        "3": "0",
        "medals_gold": "0",
        "4": "0",
        "medals_silver": "0",
        "5": "1",
        "medals_bronze": "1",
        "6": "18",
        "endangered_species": "18",
        "7": "11800",
        "military_personnel": "11800",
        "8": "51",
        "carbon_rank": "51"
    },
    {
        "0": "110",
        "id": "110",
        "1": "no",
        "country_code": "no",
        "2": "Norway",
        "country_name": "Norway",
        "3": "0",
        "medals_gold": "0",
        "4": "1",
        "medals_silver": "1",
        "5": "1",
        "medals_bronze": "1",
        "6": "38",
        "endangered_species": "38",
        "7": "19100",
        "military_personnel": "19100",
        "8": "68",
        "carbon_rank": "68"
    },
    {
        "0": "78",
        "id": "78",
        "1": "jp",
        "country_code": "jp",
        "2": "Japan",
        "country_name": "Japan",
        "3": "2",
        "medals_gold": "2",
        "4": "12",
        "medals_silver": "12",
        "5": "13",
        "medals_bronze": "13",
        "6": "324",
        "endangered_species": "324",
        "7": "230300",
        "military_personnel": "230300",
        "8": "5",
        "carbon_rank": "5"
    },
    {
        "0": "96",
        "id": "96",
        "1": "ir",
        "country_code": "ir",
        "2": "Islamic Republic of Iran",
        "country_name": "Islamic Republic of Iran",
        "3": "1",
        "medals_gold": "1",
        "4": "0",
        "medals_silver": "0",
        "5": "1",
        "medals_bronze": "1",
        "6": "86",
        "endangered_species": "86",
        "7": "523000",
        "military_personnel": "523000",
        "8": "8",
        "carbon_rank": "8"
    },
    {
        "0": "73",
        "id": "73",
        "1": "hu",
        "country_code": "hu",
        "2": "Hungary",
        "country_name": "Hungary",
        "3": "4",
        "medals_gold": "4",
        "4": "1",
        "medals_silver": "1",
        "5": "3",
        "medals_bronze": "3",
        "6": "48",
        "endangered_species": "48",
        "7": "25207",
        "military_personnel": "25207",
        "8": "61",
        "carbon_rank": "61"
    },
    {
        "0": "72",
        "id": "72",
        "1": "ru",
        "country_code": "ru",
        "2": "Russian Federation",
        "country_name": "Russian Federation",
        "3": "4",
        "medals_gold": "4",
        "4": "16",
        "medals_silver": "16",
        "5": "15",
        "medals_bronze": "15",
        "6": "116",
        "endangered_species": "116",
        "7": "102700",
        "military_personnel": "102700",
        "8": "4",
        "carbon_rank": "4"
    },
    {
        "0": "99",
        "id": "99",
        "1": "ve",
        "country_code": "ve",
        "2": "Venezuela",
        "country_name": "Venezuela",
        "3": "1",
        "medals_gold": "1",
        "4": "0",
        "medals_silver": "0",
        "5": "0",
        "medals_bronze": "0",
        "6": "267",
        "endangered_species": "267",
        "7": "115000",
        "military_personnel": "115000",
        "8": "32",
        "carbon_rank": "32"
    },
    {
        "0": "104",
        "id": "104",
        "1": "az",
        "country_code": "az",
        "2": "Azerbaijan",
        "country_name": "Azerbaijan",
        "3": "0",
        "medals_gold": "0",
        "4": "1",
        "medals_silver": "1",
        "5": "2",
        "medals_bronze": "2",
        "6": "44",
        "endangered_species": "44",
        "7": "66940",
        "military_personnel": "66940",
        "8": "72",
        "carbon_rank": "72"
    },
    {
        "0": "80",
        "id": "80",
        "1": "ro",
        "country_code": "ro",
        "2": "Romania",
        "country_name": "Romania",
        "3": "2",
        "medals_gold": "2",
        "4": "4",
        "medals_silver": "4",
        "5": "2",
        "medals_bronze": "2",
        "6": "62",
        "endangered_species": "62",
        "7": "73200",
        "military_personnel": "73200",
        "8": "45",
        "carbon_rank": "45"
    },
    {
        "0": "105",
        "id": "105",
        "1": "be",
        "country_code": "be",
        "2": "Belgium",
        "country_name": "Belgium",
        "3": "0",
        "medals_gold": "0",
        "4": "1",
        "medals_silver": "1",
        "5": "2",
        "medals_bronze": "2",
        "6": "28",
        "endangered_species": "28",
        "7": "38844",
        "military_personnel": "38844",
        "8": "34",
        "carbon_rank": "34"
    },
    {
        "0": "66",
        "id": "66",
        "1": "gb",
        "country_code": "gb",
        "2": "Great Britain",
        "country_name": "Great Britain",
        "3": "16",
        "medals_gold": "16",
        "4": "11",
        "medals_silver": "11",
        "5": "10",
        "medals_bronze": "10",
        "6": "72",
        "endangered_species": "72",
        "7": "160280",
        "military_personnel": "160280",
        "8": "10",
        "carbon_rank": "10"
    },
    {
        "0": "103",
        "id": "103",
        "1": "sk",
        "country_code": "sk",
        "2": "Slovakia",
        "country_name": "Slovakia",
        "3": "0",
        "medals_gold": "0",
        "4": "1",
        "medals_silver": "1",
        "5": "3",
        "medals_bronze": "3",
        "6": "34",
        "endangered_species": "34",
        "7": "17445",
        "military_personnel": "17445",
        "8": "73",
        "carbon_rank": "73"
    },
    {
        "0": "70",
        "id": "70",
        "1": "kz",
        "country_code": "kz",
        "2": "Kazakhstan",
        "country_name": "Kazakhstan",
        "3": "6",
        "medals_gold": "6",
        "4": "0",
        "medals_silver": "0",
        "5": "0",
        "medals_bronze": "0",
        "6": "72",
        "endangered_species": "72",
        "7": "49000",
        "military_personnel": "49000",
        "8": "28",
        "carbon_rank": "28"
    },
    {
        "0": "100",
        "id": "100",
        "1": "mx",
        "country_code": "mx",
        "2": "Mexico",
        "country_name": "Mexico",
        "3": "0",
        "medals_gold": "0",
        "4": "3",
        "medals_silver": "3",
        "5": "2",
        "medals_bronze": "2",
        "6": "900",
        "endangered_species": "900",
        "7": "225506",
        "military_personnel": "225506",
        "8": "14",
        "carbon_rank": "14"
    },
    {
        "0": "87",
        "id": "87",
        "1": "au",
        "country_code": "au",
        "2": "Australia",
        "country_name": "Australia",
        "3": "1",
        "medals_gold": "1",
        "4": "12",
        "medals_silver": "12",
        "5": "7",
        "medals_bronze": "7",
        "6": "804",
        "endangered_species": "804",
        "7": "54747",
        "military_personnel": "54747",
        "8": "16",
        "carbon_rank": "16"
    },
    {
        "0": "109",
        "id": "109",
        "1": "mn",
        "country_code": "mn",
        "2": "Mongolia",
        "country_name": "Mongolia",
        "3": "0",
        "medals_gold": "0",
        "4": "1",
        "medals_silver": "1",
        "5": "1",
        "medals_bronze": "1",
        "6": "35",
        "endangered_species": "35",
        "7": "10000",
        "military_personnel": "10000",
        "8": "100",
        "carbon_rank": "100"
    },
    {
        "0": "69",
        "id": "69",
        "1": "it",
        "country_code": "it",
        "2": "Italy",
        "country_name": "Italy",
        "3": "6",
        "medals_gold": "6",
        "4": "5",
        "medals_silver": "5",
        "5": "3",
        "medals_bronze": "3",
        "6": "147",
        "endangered_species": "147",
        "7": "292983",
        "military_personnel": "292983",
        "8": "15",
        "carbon_rank": "15"
    },
    {
        "0": "86",
        "id": "86",
        "1": "et",
        "country_code": "et",
        "2": "Ethiopia",
        "country_name": "Ethiopia",
        "3": "2",
        "medals_gold": "2",
        "4": "0",
        "medals_silver": "0",
        "5": "1",
        "medals_bronze": "1",
        "6": "101",
        "endangered_species": "101",
        "7": "138000",
        "military_personnel": "138000",
        "8": "113",
        "carbon_rank": "113"
    },
    {
        "0": "121",
        "id": "121",
        "1": "sg",
        "country_code": "sg",
        "2": "Singapore",
        "country_name": "Singapore",
        "3": "0",
        "medals_gold": "0",
        "4": "0",
        "medals_silver": "0",
        "5": "1",
        "medals_bronze": "1",
        "6": "271",
        "endangered_species": "271",
        "7": "72500",
        "military_personnel": "72500",
        "8": "30",
        "carbon_rank": "30"
    },
    {
        "0": "74",
        "id": "74",
        "1": "kp",
        "country_code": "kp",
        "2": "Democratic People's Republic of Korea",
        "country_name": "Democratic People's Republic of Korea",
        "3": "4",
        "medals_gold": "4",
        "4": "0",
        "medals_silver": "0",
        "5": "1",
        "medals_bronze": "1",
        "6": "48",
        "endangered_species": "48",
        "7": "110600",
        "military_personnel": "110600",
        "8": "52",
        "carbon_rank": "52"
    },
    {
        "0": "90",
        "id": "90",
        "1": "se",
        "country_code": "se",
        "2": "Sweden",
        "country_name": "Sweden",
        "3": "1",
        "medals_gold": "1",
        "4": "3",
        "medals_silver": "3",
        "5": "0",
        "medals_bronze": "0",
        "6": "32",
        "endangered_species": "32",
        "7": "16900",
        "military_personnel": "16900",
        "8": "54",
        "carbon_rank": "54"
    },
    {
        "0": "117",
        "id": "117",
        "1": "gr",
        "country_code": "gr",
        "2": "Greece",
        "country_name": "Greece",
        "3": "0",
        "medals_gold": "0",
        "4": "0",
        "medals_silver": "0",
        "5": "2",
        "medals_bronze": "2",
        "6": "131",
        "endangered_species": "131",
        "7": "156600",
        "military_personnel": "156600",
        "8": "39",
        "carbon_rank": "39"
    },
    {
        "0": "101",
        "id": "101",
        "1": "co",
        "country_code": "co",
        "2": "Colombia",
        "country_name": "Colombia",
        "3": "0",
        "medals_gold": "0",
        "4": "3",
        "medals_silver": "3",
        "5": "1",
        "medals_bronze": "1",
        "6": "658",
        "endangered_species": "658",
        "7": "267231",
        "military_personnel": "267231",
        "8": "46",
        "carbon_rank": "46"
    },
    {
        "0": "114",
        "id": "114",
        "1": "my",
        "country_code": "my",
        "2": "Malaysia",
        "country_name": "Malaysia",
        "3": "0",
        "medals_gold": "0",
        "4": "1",
        "medals_silver": "1",
        "5": "0",
        "medals_bronze": "0",
        "6": "1166",
        "endangered_species": "1166",
        "7": "109000",
        "military_personnel": "109000",
        "8": "29",
        "carbon_rank": "29"
    },
    {
        "0": "102",
        "id": "102",
        "1": "es",
        "country_code": "es",
        "2": "Spain",
        "country_name": "Spain",
        "3": "0",
        "medals_gold": "0",
        "4": "2",
        "medals_silver": "2",
        "5": "1",
        "medals_bronze": "1",
        "6": "227",
        "endangered_species": "227",
        "7": "221750",
        "military_personnel": "221750",
        "8": "19",
        "carbon_rank": "19"
    },
    {
        "0": "67",
        "id": "67",
        "1": "kr",
        "country_code": "kr",
        "2": "Republic of Korea",
        "country_name": "Republic of Korea",
        "3": "10",
        "medals_gold": "10",
        "4": "4",
        "medals_silver": "4",
        "5": "6",
        "medals_bronze": "6",
        "6": "60",
        "endangered_species": "60",
        "7": "687000",
        "military_personnel": "687000",
        "8": "7",
        "carbon_rank": "7"
    },
    {
        "0": "113",
        "id": "113",
        "1": "gt",
        "country_code": "gt",
        "2": "Guatemala",
        "country_name": "Guatemala",
        "3": "0",
        "medals_gold": "0",
        "4": "1",
        "medals_silver": "1",
        "5": "0",
        "medals_bronze": "0",
        "6": "233",
        "endangered_species": "233",
        "7": "15500",
        "military_personnel": "15500",
        "8": "93",
        "carbon_rank": "93"
    },
    {
        "0": "98",
        "id": "98",
        "1": "gs",
        "country_code": "gs",
        "2": "Georgia",
        "country_name": "Georgia",
        "3": "1",
        "medals_gold": "1",
        "4": "0",
        "medals_silver": "0",
        "5": "0",
        "medals_bronze": "0",
        "6": "10",
        "endangered_species": "10",
        "7": "21150",
        "military_personnel": "21150",
        "8": "122",
        "carbon_rank": "122"
    },
    {
        "0": "77",
        "id": "77",
        "1": "nz",
        "country_code": "nz",
        "2": "New Zealand",
        "country_name": "New Zealand",
        "3": "3",
        "medals_gold": "3",
        "4": "0",
        "medals_silver": "0",
        "5": "4",
        "medals_bronze": "4",
        "6": "150",
        "endangered_species": "150",
        "7": "9278",
        "military_personnel": "9278",
        "8": "70",
        "carbon_rank": "70"
    },
    {
        "0": "71",
        "id": "71",
        "1": "de",
        "country_code": "de",
        "2": "Germany",
        "country_name": "Germany",
        "3": "5",
        "medals_gold": "5",
        "4": "10",
        "medals_silver": "10",
        "5": "7",
        "medals_bronze": "7",
        "6": "75",
        "endangered_species": "75",
        "7": "244324",
        "military_personnel": "244324",
        "8": "6",
        "carbon_rank": "6"
    },
    {
        "0": "91",
        "id": "91",
        "1": "ke",
        "country_code": "ke",
        "2": "Kenya",
        "country_name": "Kenya",
        "3": "1",
        "medals_gold": "1",
        "4": "2",
        "medals_silver": "2",
        "5": "2",
        "medals_bronze": "2",
        "6": "290",
        "endangered_species": "290",
        "7": "24120",
        "military_personnel": "24120",
        "8": "95",
        "carbon_rank": "95"
    },
    {
        "0": "111",
        "id": "111",
        "1": "cs",
        "country_code": "cs",
        "2": "Serbia",
        "country_name": "Serbia",
        "3": "0",
        "medals_gold": "0",
        "4": "1",
        "medals_silver": "1",
        "5": "1",
        "medals_bronze": "1",
        "6": "43",
        "endangered_species": "43",
        "7": "24257",
        "military_personnel": "24257",
        "8": "63",
        "carbon_rank": "63"
    },
    {
        "0": "89",
        "id": "89",
        "1": "cz",
        "country_code": "cz",
        "2": "Czech Republic",
        "country_name": "Czech Republic",
        "3": "1",
        "medals_gold": "1",
        "4": "3",
        "medals_silver": "3",
        "5": "1",
        "medals_bronze": "1",
        "6": "35",
        "endangered_species": "35",
        "7": "24083",
        "military_personnel": "24083",
        "8": "40",
        "carbon_rank": "40"
    },
    {
        "0": "85",
        "id": "85",
        "1": "ua",
        "country_code": "ua",
        "2": "Ukraine",
        "country_name": "Ukraine",
        "3": "2",
        "medals_gold": "2",
        "4": "0",
        "medals_silver": "0",
        "5": "5",
        "medals_bronze": "5",
        "6": "60",
        "endangered_species": "60",
        "7": "129925",
        "military_personnel": "129925",
        "8": "23",
        "carbon_rank": "23"
    },
    {
        "0": "84",
        "id": "84",
        "1": "pl",
        "country_code": "pl",
        "2": "Poland",
        "country_name": "Poland",
        "3": "2",
        "medals_gold": "2",
        "4": "1",
        "medals_silver": "1",
        "5": "1",
        "medals_bronze": "1",
        "6": "38",
        "endangered_species": "38",
        "7": "121808",
        "military_personnel": "121808",
        "8": "21",
        "carbon_rank": "21"
    },
    {
        "0": "76",
        "id": "76",
        "1": "za",
        "country_code": "za",
        "2": "South Africa",
        "country_name": "South Africa",
        "3": "3",
        "medals_gold": "3",
        "4": "1",
        "medals_silver": "1",
        "5": "0",
        "medals_bronze": "0",
        "6": "407",
        "endangered_species": "407",
        "7": "62082",
        "military_personnel": "62082",
        "8": "12",
        "carbon_rank": "12"
    },
    {
        "0": "93",
        "id": "93",
        "1": "si",
        "country_code": "si",
        "2": "Slovenia",
        "country_name": "Slovenia",
        "3": "1",
        "medals_gold": "1",
        "4": "1",
        "medals_silver": "1",
        "5": "2",
        "medals_bronze": "2",
        "6": "79",
        "endangered_species": "79",
        "7": "7200",
        "military_personnel": "7200",
        "8": "86",
        "carbon_rank": "86"
    },
    {
        "0": "108",
        "id": "108",
        "1": "id",
        "country_code": "id",
        "2": "Indonesia",
        "country_name": "Indonesia",
        "3": "0",
        "medals_gold": "0",
        "4": "1",
        "medals_silver": "1",
        "5": "1",
        "medals_bronze": "1",
        "6": "1126",
        "endangered_species": "1126",
        "7": "302000",
        "military_personnel": "302000",
        "8": "18",
        "carbon_rank": "18"
    },
    {
        "0": "64",
        "id": "64",
        "1": "cn",
        "country_code": "cn",
        "2": "People's Republic of China",
        "country_name": "People's Republic of China",
        "3": "31",
        "medals_gold": "31",
        "4": "17",
        "medals_silver": "17",
        "5": "14",
        "medals_bronze": "14",
        "6": "841",
        "endangered_species": "841",
        "7": "218500",
        "military_personnel": "218500",
        "8": "1",
        "carbon_rank": "1"
    },
    {
        "0": "123",
        "id": "123",
        "1": "uz",
        "country_code": "uz",
        "2": "Uzbekistan",
        "country_name": "Uzbekistan",
        "3": "0",
        "medals_gold": "0",
        "4": "0",
        "medals_silver": "0",
        "5": "1",
        "medals_bronze": "1",
        "6": "51",
        "endangered_species": "51",
        "7": "67000",
        "military_personnel": "67000",
        "8": "36",
        "carbon_rank": "36"
    }
]